{
  "fixed": {
    "avg_reward": -1982.3499999999997,
    "std_reward": 2.2737367544323206e-13,
    "avg_queue": 449.56499999999994,
    "std_queue": 5.684341886080802e-14,
    "avg_throughput": null
  },
  "dqn": {
    "avg_reward": -1983.5999999999997,
    "std_reward": 2.2737367544323206e-13,
    "avg_queue": 446.5950000000001,
    "std_queue": 5.684341886080802e-14,
    "avg_throughput": null
  },
  "ppo": {
    "avg_reward": -1779.325,
    "std_reward": 46.55746046553665,
    "avg_queue": 474.9345,
    "std_queue": 8.813981634312599,
    "avg_throughput": null
  }
}